AOU,rmse_occ,rmse_pres,rmse_gam,rmse_gam_pres,rmse_rf,rmse_rf_pres,rmse_me_pres
2890,4.20E-06,0.000182798,4.71E-10,1.62E-09,0.035708075,0.035730064,0.257097238
6280,0.102250762,4.43E-10,0.028019861,1.34E-12,0.113537272,0.110396761,0.371999423
