"AOU","rmse_occ","AUC","rmse_pres","AUC_pres","rmse_gam","AUC_gam","rmse_gam_pres","AUC_gam_pres","rmse_rf","AUC_RF","rmse_rf_pres","AUC_RF_pres","rmse_me_pres","AUC_me_pres"
2890,4.20365689235321e-06,1,0.00018279814358337,1,4.70803199489722e-10,1,1.62296348430253e-09,1,0.0357080747106249,0.611214953271028,0.0357300639575033,0.505607476635514,0.257097237601323,0.991277258566978
6280,0.102250761870623,1,4.43109546352166e-10,1,0.0280198605712129,1,1.33924117556789e-12,1,0.113537271949173,0.810810810810811,0.110396761110332,0.380952380952381,0.37199942345229,0.952380952380952
